Halaman,Judul,Tautan,Penulis,Tahun,Sitasi,Institusi
6673,MEASURING THE IMPACT OF HEALTHCARE SERVICE QUALITY OF HOSPITALS ON CUSTOMER SATISFACTION,https://scholar.google.com/scholar?q=+intitle:'MEASURING THE IMPACT OF HEALTHCARE SERVICE QUALITY OF HOSPITALS ON CUSTOMER SATISFACTION',"R Wulandari, P Doddy, I, L Indaryani
Corporate & Business Strategy Review 5 (1), 336-345, 2024",2024,3,"Corporate & Business Strategy Review 5 (1), 336-345, 2024"
6673,Fisga-Iae Asvsf Algorithm for Effectively Solving the Localization,https://scholar.google.com/scholar?q=+intitle:'Fisga-Iae Asvsf Algorithm for Effectively Solving the Localization',"H Suwoyo, MHI Hajar, S Budiyanto, L Syafaah, M Lestandy
Res Militaris 12 (4), 1596-1611, 2022",2022,0,"Res Militaris 12 (4), 1596-1611, 2022"
6673,Studi Analisis Perencanaan Keandalan Pembangkit Listrik di UJP PLTU Banten 3 Lontar Menggunakan Program Matrix Laboratory,https://scholar.google.com/scholar?q=+intitle:'Studi Analisis Perencanaan Keandalan Pembangkit Listrik di UJP PLTU Banten 3 Lontar Menggunakan Program Matrix Laboratory',"I Tarigan, A Senen
INSTITUT TEKNOLOGI PLN, 2020",2020,0,"INSTITUT TEKNOLOGI PLN, 2020"
6673,Perancangan Sistem Keamanan Berbasis Limit Switch Sensor dan GPS Tracking System Bagi Penyedia Jasa Layanan Pengiriman Barang: Studi Kasus,https://scholar.google.com/scholar?q=+intitle:'Perancangan Sistem Keamanan Berbasis Limit Switch Sensor dan GPS Tracking System Bagi Penyedia Jasa Layanan Pengiriman Barang: Studi Kasus',"R Zakaria, YA Hardono
PERFORMA: Media Ilmiah Teknik Industri 10 (1), 2011",2011,1,"PERFORMA: Media Ilmiah Teknik Industri 10 (1), 2011"
6673,New Zealand rabbit’s spermatozoa after the treatment of tannin extraction of Pluchea indica,https://scholar.google.com/scholar?q=+intitle:'New Zealand rabbit’s spermatozoa after the treatment of tannin extraction of Pluchea indica',"E Susetyarini, P Wahyono, R Latifa, E Nurrohman
BIOEDUKASI 18 (2), 59-68, 2020",2020,5,"BIOEDUKASI 18 (2), 59-68, 2020"
6673,"PENGARUH PEMBERIAN JUS CAMPURAN TOMAT (Solanum lycopersicum) DAN PISANG AMBON (Musa Paradisiaca, Linn) TERHADAP PENURUNAN HIPERTENSI USIA 46-65 TAHUN DI DESA NYATNYONO …","https://scholar.google.com/scholar?q=+intitle:'PENGARUH PEMBERIAN JUS CAMPURAN TOMAT (Solanum lycopersicum) DAN PISANG AMBON (Musa Paradisiaca, Linn) TERHADAP PENURUNAN HIPERTENSI USIA 46-65 TAHUN DI DESA NYATNYONO …'","BRA Putri, S Maryanto
Jurnal Gizi Dan Kesehatan 10 (23), 42-50",2018,1,"Jurnal Gizi Dan Kesehatan 10 (23), 42-50"
6673,Impact of knowledge and professional for material considerations with experience in conjunction variables,https://scholar.google.com/scholar?q=+intitle:'Impact of knowledge and professional for material considerations with experience in conjunction variables',"NQMAE Harianto Respati, Mokhamad Natsir, Amin Kuncoro
International Journal of Health Science 4 (2), 1206-1217, 2022",2022,0,"International Journal of Health Science 4 (2), 1206-1217, 2022"
6673,"Manajemen Mutu Perguruan Tinggi: Teori, Strategi, dan Aplikasi","https://scholar.google.com/scholar?q=+intitle:'Manajemen Mutu Perguruan Tinggi: Teori, Strategi, dan Aplikasi'","M Mukhibat
Pubblica Institut Jakarta 1, 1-290, 2020",2020,0,"Pubblica Institut Jakarta 1, 1-290, 2020"
6673,Seleksi dan Penentuan Third Party Logistik Transportasi Produk Pelumas Menggunakan Metode TOPSIS dan PROMETHE,https://scholar.google.com/scholar?q=+intitle:'Seleksi dan Penentuan Third Party Logistik Transportasi Produk Pelumas Menggunakan Metode TOPSIS dan PROMETHE',"S Hasibuan, C Jaqin
Oper. Excell. J. Appl. Ind. Eng 14 (3), 235, 2022",2022,2,"Oper. Excell. J. Appl. Ind. Eng 14 (3), 235, 2022"
6673,ANALISA ELEMEN SEKTOR MASYARAKAT YANG TERPENGARUH DENGAN ADANYA GREEN LOGISTIC AGROINDUSTRI KARET MENGGUNAKAN METODA ISM,https://scholar.google.com/scholar?q=+intitle:'ANALISA ELEMEN SEKTOR MASYARAKAT YANG TERPENGARUH DENGAN ADANYA GREEN LOGISTIC AGROINDUSTRI KARET MENGGUNAKAN METODA ISM',"D Rukmayadi
Jurnal Teknologi 7 (No 1 Januari 2017), 14-24, 2017",2017,0,"Jurnal Teknologi 7 (No 1 Januari 2017), 14-24, 2017"
6674,Protection of the Qur’an Against the Disposal of Infants on Covid-19 Era : A Case Study on tvonesnews.com YouTube Channel,https://scholar.google.com/scholar?q=+intitle:'Protection of the Qur’an Against the Disposal of Infants on Covid-19 Era : A Case Study on tvonesnews.com YouTube Channel',"A Basid
International Seminar on Language, Education, and Culture ISoLEC 6 (10.2991 …, 2023",2023,0,"International Seminar on Language, Education, and Culture ISoLEC 6 (10.2991 …, 2023"
6674,Experimental and Numerical Investigations of CPT End Resistance at Variable Penetration Rates in Mixed Soils,https://scholar.google.com/scholar?q=+intitle:'Experimental and Numerical Investigations of CPT End Resistance at Variable Penetration Rates in Mixed Soils',"A Arafianto, Y Tian, BM Lehane, Y Suzuki, D Reid
7th International Conference on Geotechnical and Geophysical Site …, 2024",2024,0,"7th International Conference on Geotechnical and Geophysical Site …, 2024"
6674,Oil Palm Plantation Expansion and Governance: Rationality and the Problem of Socio-Cultural Embeddedness,https://scholar.google.com/scholar?q=+intitle:'Oil Palm Plantation Expansion and Governance: Rationality and the Problem of Socio-Cultural Embeddedness',"R Amalia, AH Dharmawan, LB Prasetyo, P Pacheco
International Journal of Social Ecology and Sustainable Development (IJSESD …, 2022",2022,1,"International Journal of Social Ecology and Sustainable Development (IJSESD …, 2022"
6674,PENGARUH KUALITAS PRODUK DAN HARGA TERHADAP KEPUTUSAN PEMBELIAN SMARTPHONE SAMSUNG DI BADAILAN GROSIR SINGARAJA,https://scholar.google.com/scholar?q=+intitle:'PENGARUH KUALITAS PRODUK DAN HARGA TERHADAP KEPUTUSAN PEMBELIAN SMARTPHONE SAMSUNG DI BADAILAN GROSIR SINGARAJA',"KP DWIANTARI, NN Yulianthini, MM SE, NM Suci
Jurnal Manajemen Indonesia 5 (2), 2019",2019,0,"Jurnal Manajemen Indonesia 5 (2), 2019"
6674,Tinjauan Status Wali dalam Perkawinan Berdasar Pendekatan Feminis,https://scholar.google.com/scholar?q=+intitle:'Tinjauan Status Wali dalam Perkawinan Berdasar Pendekatan Feminis',"T Tulab
Ulul Albab: Jurnal Studi dan Penelitian Hukum Islam 1 (1), 152-164, 2017",2017,30,"Ulul Albab: Jurnal Studi dan Penelitian Hukum Islam 1 (1), 152-164, 2017"
6674,Aktivitas Mendongeng Menggunakan Media Audio Visual Dalam Pembelajaran Moral,https://scholar.google.com/scholar?q=+intitle:'Aktivitas Mendongeng Menggunakan Media Audio Visual Dalam Pembelajaran Moral',"A Nur Hidayah, N Nurhadija
Jurnal Smart Paud 1 (1), 73, 2018",2018,23,"Jurnal Smart Paud 1 (1), 73, 2018"
6674,Penerapan Model PembelajaranWhole Group Jigsaw dalam Perkuliahan Embriologi Tumbuhan,https://scholar.google.com/scholar?q=+intitle:'Penerapan Model PembelajaranWhole Group Jigsaw dalam Perkuliahan Embriologi Tumbuhan',,0000,0,
6674,EFEKTIVITAS PEMBERIAN BISKUIT PMT TERHADAP PENINGKATAN LINGKAR LENGAN ATAS IBU HAMIL DI PUSKESMAS RENGAS DENGKLOK KABUPATEN KARAWANG TAHUN 2021,https://scholar.google.com/scholar?q=+intitle:'EFEKTIVITAS PEMBERIAN BISKUIT PMT TERHADAP PENINGKATAN LINGKAR LENGAN ATAS IBU HAMIL DI PUSKESMAS RENGAS DENGKLOK KABUPATEN KARAWANG TAHUN 2021',"A Suciawati
Jurnal Penelitian dan Kajian Ilmiah Kesehatan Politeknik Medica Farma Husada …, 2021",2021,1,"Jurnal Penelitian dan Kajian Ilmiah Kesehatan Politeknik Medica Farma Husada …, 2021"
6674,Measuring good governance using time series data: Fiji Islands,https://scholar.google.com/scholar?q=+intitle:'Measuring good governance using time series data: Fiji Islands',"A Gani, R Duncan
Journal of the Asia Pacific Economy 12 (3), 367-385",2007,19,"Journal of the Asia Pacific Economy 12 (3), 367-385"
6674,An Analysis of Teacher Methods in Teaching English for Disabilities Students,https://scholar.google.com/scholar?q=+intitle:'An Analysis of Teacher Methods in Teaching English for Disabilities Students',"SR Nengsi, SM Hamid, A Aziz
INTERACTION: Jurnal Pendidikan Bahasa 10 (1), 280-288, 2023",2023,0,"INTERACTION: Jurnal Pendidikan Bahasa 10 (1), 280-288, 2023"
6675,Pendidikan Kesehatan dengan Permainan Edukasi Monopoli Kesehatan Reproduksi (E-Mon Kespro) pada Remaja di Panti Asuhan Putri Muhammadiyah Tanjung Purwokerto,https://scholar.google.com/scholar?q=+intitle:'Pendidikan Kesehatan dengan Permainan Edukasi Monopoli Kesehatan Reproduksi (E-Mon Kespro) pada Remaja di Panti Asuhan Putri Muhammadiyah Tanjung Purwokerto',"RP Aniarti, I Mu’minah, CH Kurniati
Warta Pengabdian Andalas 30 (3), 472-479, 2023",2023,0,"Warta Pengabdian Andalas 30 (3), 472-479, 2023"
6675,Ratna Novita Punggeti_FKIP_Lek 200,https://scholar.google.com/scholar?q=+intitle:'Ratna Novita Punggeti_FKIP_Lek 200',"TIMPAK TIM PAK
UNIVERSITAS WIRARAJA, 0",0000,0,"UNIVERSITAS WIRARAJA, 0"
6675,PENGARUH PENAMBAHAN KANTONG PLASTIK TERHADAP KARAKTERISTIK SEKAM PADI,https://scholar.google.com/scholar?q=+intitle:'PENGARUH PENAMBAHAN KANTONG PLASTIK TERHADAP KARAKTERISTIK SEKAM PADI',"A Muhammad, T Dahlang, M Makhrani",0000,0,
6675,"Penurunan Kadar Kalsium Oksalat Pada Umbi Porang Dengan Variasi Waktu Kontak, Suhu Dan Volume Larutan Sari Buah Belimbing Wuluh","https://scholar.google.com/scholar?q=+intitle:'Penurunan Kadar Kalsium Oksalat Pada Umbi Porang Dengan Variasi Waktu Kontak, Suhu Dan Volume Larutan Sari Buah Belimbing Wuluh'","RK Wardani
Journal Pharmasci (Journal of Pharmacy and Science) 7 (2), 2022",2022,1,"Journal Pharmasci (Journal of Pharmacy and Science) 7 (2), 2022"
6675,"Media Fotografi Abad Ke-19: Daguerreotype, Calotype, dan Collodion","https://scholar.google.com/scholar?q=+intitle:'Media Fotografi Abad Ke-19: Daguerreotype, Calotype, dan Collodion'","P Ermawati
Rekam: Jurnal Fotografi, Televisi, Animasi 13 (2), 127-138, 2017",2017,7,"Rekam: Jurnal Fotografi, Televisi, Animasi 13 (2), 127-138, 2017"
6675,ANALISIS BIOMEKANIK GERAKAN TEMBAKAN TIGA ANGKA BOLA BASKET,https://scholar.google.com/scholar?q=+intitle:'ANALISIS BIOMEKANIK GERAKAN TEMBAKAN TIGA ANGKA BOLA BASKET',"SAR Munawar, BS Taroreh, MD Nugroho, YS Damayanti
Journal of Physical Education and Sport Science 6 (3), 28-32, 2024",2024,0,"Journal of Physical Education and Sport Science 6 (3), 28-32, 2024"
6675,Pelatihan membangun website sesuai dengan kebutuhan komunitas cangkir jalanan untuk meningkatkan pencitraan merek,https://scholar.google.com/scholar?q=+intitle:'Pelatihan membangun website sesuai dengan kebutuhan komunitas cangkir jalanan untuk meningkatkan pencitraan merek',"RK Sari, T Sriwidadi
Jurnal Abdimas PHB Vol 5 (2), 2022",2022,5,"Jurnal Abdimas PHB Vol 5 (2), 2022"
6675,PENGARUH PENAMBAHAN FLY ASH (CANGKANG TELUR DAN SEKAM PADI) DENGAN KUAT TEKAN BETON NON STRUKTURAL,https://scholar.google.com/scholar?q=+intitle:'PENGARUH PENAMBAHAN FLY ASH (CANGKANG TELUR DAN SEKAM PADI) DENGAN KUAT TEKAN BETON NON STRUKTURAL',"ZL Dwiki Wahyu Al Fauzi, Nur Azizah Affandy, Hammam Rofiqi Agustapraja
Jurnal Ilmiah MITSU 12 (1), 1-14, 2024",2024,1,"Jurnal Ilmiah MITSU 12 (1), 1-14, 2024"
6675,PENGARUH PENGAWASAN TERHADAP EFEKTIVITAS PENATAAN PASAR TRADISIONAL KOSAMBI KOTA BANDUNG,https://scholar.google.com/scholar?q=+intitle:'PENGARUH PENGAWASAN TERHADAP EFEKTIVITAS PENATAAN PASAR TRADISIONAL KOSAMBI KOTA BANDUNG',"G Minto, E Suhara
Jurnal Sosial Politik Unla 22 (1), 68-76, 2017",2017,0,"Jurnal Sosial Politik Unla 22 (1), 68-76, 2017"
6675,Orientasi Grup Vokal Awan Voice pada Ideologi Musik Pasar Indonesia,https://scholar.google.com/scholar?q=+intitle:'Orientasi Grup Vokal Awan Voice pada Ideologi Musik Pasar Indonesia',"A Widyaningrum
Catharsis Jurnal of Education 3 (2), 2014, 2014",2014,2,"Catharsis Jurnal of Education 3 (2), 2014, 2014"
6676,Improvement Of Work Posture In Yarn Removal Operator To Reduce Risk Of Musculoskeletal Disorders,https://scholar.google.com/scholar?q=+intitle:'Improvement Of Work Posture In Yarn Removal Operator To Reduce Risk Of Musculoskeletal Disorders',"B Suhardi, M Karima Batennia, DA Rahmaniyah",0000,0,
6676,Identifikasi Masalah Kesehatan Ibu Dan Anak Di Desa Api-Api Kecamatan Wonokerto Kabupaten Pekalongan,https://scholar.google.com/scholar?q=+intitle:'Identifikasi Masalah Kesehatan Ibu Dan Anak Di Desa Api-Api Kecamatan Wonokerto Kabupaten Pekalongan',"NL Fitriyani
Pena Medika: Jurnal Kesehatan 7 (1), 2017",2017,1,"Pena Medika: Jurnal Kesehatan 7 (1), 2017"
6676,Memaknai Ramadan sebagai Bulan Al Quran pada Masa Pendemi Covid-19,https://scholar.google.com/scholar?q=+intitle:'Memaknai Ramadan sebagai Bulan Al Quran pada Masa Pendemi Covid-19',"ahmad zain sarnoto
https://thr.kompasiana.com/educare/5eab8342097f3669db125e62/memaknai …",2020,0,https://thr.kompasiana.com/educare/5eab8342097f3669db125e62/memaknai …
6676,Modifikasi Shock Depan Sepeda Motor Type Teleskopik Menjadi Rasa Upside Down,https://scholar.google.com/scholar?q=+intitle:'Modifikasi Shock Depan Sepeda Motor Type Teleskopik Menjadi Rasa Upside Down',"R Fadilah, A Susanto
Auto Tech: Jurnal Pendidikan Teknik Otomotif Universitas Muhammadiyah …, 2019",2019,0,"Auto Tech: Jurnal Pendidikan Teknik Otomotif Universitas Muhammadiyah …, 2019"
6676,Muliani.(2020). Pengembangan e-modul berbasis STEM Terintegrasi pembelajaran inkuiri pada mata kuliah kajian fisika kejuruan,https://scholar.google.com/scholar?q=+intitle:'Muliani.(2020). Pengembangan e-modul berbasis STEM Terintegrasi pembelajaran inkuiri pada mata kuliah kajian fisika kejuruan',"H Sakdiah, N Noviati
Jurnal Pendidikan Fisika 9 (2), 99-104, 0",0000,8,"Jurnal Pendidikan Fisika 9 (2), 99-104, 0"
6676,Book Chapter Kearifan Lokal dan Multikulturalisme di Indonesia: Memperkuat Rasa Cinta Indonesia,https://scholar.google.com/scholar?q=+intitle:'Book Chapter Kearifan Lokal dan Multikulturalisme di Indonesia: Memperkuat Rasa Cinta Indonesia',"Suswandari, NF Absor",2021,0,
6676,AMINO ACID AND FATTY ACID PROFILES OF FRESH TUNA AND SMOKED TUNA,https://scholar.google.com/scholar?q=+intitle:'AMINO ACID AND FATTY ACID PROFILES OF FRESH TUNA AND SMOKED TUNA',"DAN Apituley, CRM Lopies, B Setha
International Journal of Recent Scientific Research 10 (12), 36340-36347, 2019",2019,2,"International Journal of Recent Scientific Research 10 (12), 36340-36347, 2019"
6676,Optimal Lot-Sizing Decisions for a Remanufacturing Production System under Spare Parts Supply Uncertainty,https://scholar.google.com/scholar?q=+intitle:'Optimal Lot-Sizing Decisions for a Remanufacturing Production System under Spare Parts Supply Uncertainty',"H Hishamuddin, DA Wahab, WA Jauhari, AR FA, NK Khamis, ...",2023,0,
6676,Pengaruh Pendapatan Asli Daerah (PAD) dan Dana Alokasi Umum (DAU) terhadap Belanja Modal (Studi pada Pemerintah Daerah Kabupaten dan Pemerintah Daerah Kota di Jawa Timur Tahun …,https://scholar.google.com/scholar?q=+intitle:'Pengaruh Pendapatan Asli Daerah (PAD) dan Dana Alokasi Umum (DAU) terhadap Belanja Modal (Studi pada Pemerintah Daerah Kabupaten dan Pemerintah Daerah Kota di Jawa Timur Tahun …',"H Fitriana, KA Koerniawan, A Made
Jurnal Riset Mahasiswa Akuntansi 3 (2), 2015",2015,1,"Jurnal Riset Mahasiswa Akuntansi 3 (2), 2015"
6676,Relevansi Konsep Nilai Petatah Petitih Sunan Gunung Djati Dalam Pendidikan Islam,https://scholar.google.com/scholar?q=+intitle:'Relevansi Konsep Nilai Petatah Petitih Sunan Gunung Djati Dalam Pendidikan Islam',"HCA Kistoro, ANL Sibarani
Jurnal Pendidikan Agama Islam Al-Thariqah 4 (2), 24-40, 2020",2020,15,"Jurnal Pendidikan Agama Islam Al-Thariqah 4 (2), 24-40, 2020"
6677,"Pangsa Pasar, Rasio Leverage, dan Rasio Intensitas Modal sebagai Determinan Profitabilitas Perusahaan","https://scholar.google.com/scholar?q=+intitle:'Pangsa Pasar, Rasio Leverage, dan Rasio Intensitas Modal sebagai Determinan Profitabilitas Perusahaan'","FR Maharani, A Kusmintarti, Sumiadji
Jurnal Riset Dan Aplikasi: Akuntansi Dan Manajemen 5 (2), 2021",2021,2,"Jurnal Riset Dan Aplikasi: Akuntansi Dan Manajemen 5 (2), 2021"
6677,PENGARUH E-WOM DAN PERSEPSI HARGA TERHADAP KEPUTUSAN PEMBELIAN OLEH GEN-Z DI RESTO MIE POPULER SIDOARJO,https://scholar.google.com/scholar?q=+intitle:'PENGARUH E-WOM DAN PERSEPSI HARGA TERHADAP KEPUTUSAN PEMBELIAN OLEH GEN-Z DI RESTO MIE POPULER SIDOARJO',"MI Zakiyah, L Muzdalifah, E Purwaningtyas, FA Pratama, Z Sholihah
Stratēgo: Jurnal Manajemen Modern 6 (3), 2024",2024,0,"Stratēgo: Jurnal Manajemen Modern 6 (3), 2024"
6677,Konversi Sitronelal Hasil Isolasi Minyak sereh Wangi Menjadi Sitronellol dan Isopulegol,https://scholar.google.com/scholar?q=+intitle:'Konversi Sitronelal Hasil Isolasi Minyak sereh Wangi Menjadi Sitronellol dan Isopulegol',"D Kaniawati, A Kadarohman, G Dwiyanti
Seminar Nasional Penelitian dan Pendidikan Kimia. Bandung: FMIPA, UPI, 2004",2004,10,"Seminar Nasional Penelitian dan Pendidikan Kimia. Bandung: FMIPA, UPI, 2004"
6677,KAJIAN BANDING TERIIADAP SISTEM-SISTEM A TW YANG BERBAHAN,https://scholar.google.com/scholar?q=+intitle:'KAJIAN BANDING TERIIADAP SISTEM-SISTEM A TW YANG BERBAHAN',"BPPDANG CAIR, BPPDANB BAKAR, C GARAM",0000,0,
6677,Aktualisasi Penggunaan Solar Tracking System Double Axis Dalam Peningkatan Efisiensi Potovoltaik 100 Wp di Area Kampus Universitas HKBP Nommensen Medan,https://scholar.google.com/scholar?q=+intitle:'Aktualisasi Penggunaan Solar Tracking System Double Axis Dalam Peningkatan Efisiensi Potovoltaik 100 Wp di Area Kampus Universitas HKBP Nommensen Medan',"P Siagian, YR Saragi, P Lumbangaol, CJC Simalango, FA Simanjuntak, ...
Citra Sains Teknologi 2 (1), 52-62, 2022",2022,1,"Citra Sains Teknologi 2 (1), 52-62, 2022"
6677,EVALUASI KINERJA PEBANGKIT LISTRIK TENAGA MIKRO HIDRO KAPASITAS 2X4 MW LUBUK GADANG SUMATRA BARAT,https://scholar.google.com/scholar?q=+intitle:'EVALUASI KINERJA PEBANGKIT LISTRIK TENAGA MIKRO HIDRO KAPASITAS 2X4 MW LUBUK GADANG SUMATRA BARAT',"D Asikasari, AW Hasanah
Sekolah Tinggi Teknik PLN, 2019",2019,1,"Sekolah Tinggi Teknik PLN, 2019"
6677,TINGKAT PENGETAHUAN MASYARAKAT TENTANG JENIS PELAYANAN DAN MANFAAT JAMINAN KESEHATAN NASIONAL DI KELURAHAN PURBAYAN KECAMATAN KOTAGEDE YOGYAKARTA,https://scholar.google.com/scholar?q=+intitle:'TINGKAT PENGETAHUAN MASYARAKAT TENTANG JENIS PELAYANAN DAN MANFAAT JAMINAN KESEHATAN NASIONAL DI KELURAHAN PURBAYAN KECAMATAN KOTAGEDE YOGYAKARTA',"H Kurniawan
Jurnal Permata Indonesia, 2018",2018,1,"Jurnal Permata Indonesia, 2018"
6677,SISTEM INFORMASI MANAJEMEN PADA CV HARVEST CAHAYA TIMUR,https://scholar.google.com/scholar?q=+intitle:'SISTEM INFORMASI MANAJEMEN PADA CV HARVEST CAHAYA TIMUR',"DH Fanny, S Mayangsari, D Udjulawa, FP Sihotang
STMIK GI MDP, 0",0000,1,"STMIK GI MDP, 0"
6677,Pemanfaatan biji kelor (Moringa oleifera) sebagai koagulan alternatif dalam proses penjernihan limbah cair industri tekstil,https://scholar.google.com/scholar?q=+intitle:'Pemanfaatan biji kelor (Moringa oleifera) sebagai koagulan alternatif dalam proses penjernihan limbah cair industri tekstil',"AM Rambe
Universitas Sumatera Utara, 2009",2009,31,"Universitas Sumatera Utara, 2009"
6677,Preparation of wine from jackfruit (Artocarpus heterophyllus lam) juice using baker yeast: effect of yeast and initial sugar concentrations,https://scholar.google.com/scholar?q=+intitle:'Preparation of wine from jackfruit (Artocarpus heterophyllus lam) juice using baker yeast: effect of yeast and initial sugar concentrations',"AC Kumoro, D Rianasari, APP Pinandita, DS Retnowati, CS Budiyati
World Applied Sciences Journal 16 (9), 1262-1268, 2012",2012,34,"World Applied Sciences Journal 16 (9), 1262-1268, 2012"
6678,Independent oil palm smallholders are not homogeneous groups,https://scholar.google.com/scholar?q=+intitle:'Independent oil palm smallholders are not homogeneous groups',"A Andrianto, H Komarudin
CIFOR-ICRAF, 2022",2022,0,"CIFOR-ICRAF, 2022"
6678,Women's Decisions To Be An Entrepreneurship In The Informal Sector In Makassar,https://scholar.google.com/scholar?q=+intitle:'Women's Decisions To Be An Entrepreneurship In The Informal Sector In Makassar',"K Karim, HT Jibril
Hasanuddin Economics and Business Review 3 (2), 80-85, 2019",2019,2,"Hasanuddin Economics and Business Review 3 (2), 80-85, 2019"
6678,Aplikasi Absensi Karyawan Berbasis Mobile GPS Pada PD. Kilau Laju Intan (PD. KLI),https://scholar.google.com/scholar?q=+intitle:'Aplikasi Absensi Karyawan Berbasis Mobile GPS Pada PD. Kilau Laju Intan (PD. KLI)',"B Uddin, B Prayoga, A Hidayat
Jurnal Nasional Komputasi Dan Teknologi Informasi (JNKTI) 5 (6), 2022",2022,1,"Jurnal Nasional Komputasi Dan Teknologi Informasi (JNKTI) 5 (6), 2022"
6678,Pendampingan Modifikasi Kemasan dan Rasa pada Kerupuk Ikan Payus di Desa Pontang Serang,https://scholar.google.com/scholar?q=+intitle:'Pendampingan Modifikasi Kemasan dan Rasa pada Kerupuk Ikan Payus di Desa Pontang Serang',"AH Asfar, E Gunadi, L Reftiana, A Utami, S Adriansyah
Jurnal Ilmiah Pengabdian Kepada Masyarakat 2 (1), 9-15, 2022",2022,2,"Jurnal Ilmiah Pengabdian Kepada Masyarakat 2 (1), 9-15, 2022"
6678,INTERAKSI ANTARA BIOMASSA DENGAN UPAYA PENANGKAPAN: STUDI KASUS PERIKANAN PUKAT CINCIN DI PEKALONGAN DAN JUWANA,https://scholar.google.com/scholar?q=+intitle:'INTERAKSI ANTARA BIOMASSA DENGAN UPAYA PENANGKAPAN: STUDI KASUS PERIKANAN PUKAT CINCIN DI PEKALONGAN DAN JUWANA',"SB Atmaja, D Nugroho
Jurnal Penelitian Perikanan Indonesia 12 (1), 57-68",2006,8,"Jurnal Penelitian Perikanan Indonesia 12 (1), 57-68"
6678,Analisis distribusi spasial dan temporal seismotektonik berdasarkan nilai b-value dengan menggunakan metode likelihood di Pulau Jawa,https://scholar.google.com/scholar?q=+intitle:'Analisis distribusi spasial dan temporal seismotektonik berdasarkan nilai b-value dengan menggunakan metode likelihood di Pulau Jawa',"L Linda, N Ihsan, P Palloan
Jurnal Sains dan Pendidikan Fisika 8 (3), 269-278, 2019",2019,21,"Jurnal Sains dan Pendidikan Fisika 8 (3), 269-278, 2019"
6678,"Pengaruh Pajak Daerah, Retribusi Daerah, dan Dana Alokasi Khusus Terhadap Belanja Modal Kabupaten/Kota Bogor, Cianjur, Sukabumi Tahun 2011-2021","https://scholar.google.com/scholar?q=+intitle:'Pengaruh Pajak Daerah, Retribusi Daerah, dan Dana Alokasi Khusus Terhadap Belanja Modal Kabupaten/Kota Bogor, Cianjur, Sukabumi Tahun 2011-2021'","SR Listiani
Universitas Djuanda Bogor, 2023",2023,4,"Universitas Djuanda Bogor, 2023"
6678,Bird flock effect-based dynamic community detection: Unravelling network patterns over time,https://scholar.google.com/scholar?q=+intitle:'Bird flock effect-based dynamic community detection: Unravelling network patterns over time',"SHH Anuar, ZA Abas, I Waini, MF Mukhtar, Z Sun, EA Winanto, NM Yunos
Alexandria Engineering Journal 112, 177-208, 2025",2025,0,"Alexandria Engineering Journal 112, 177-208, 2025"
6678,PENGEMBANGAN PROGRAM APLIKASI SIMULASI UJIAN BERBASIS WEBSITE PADA SMA CANDRA NAYA,https://scholar.google.com/scholar?q=+intitle:'PENGEMBANGAN PROGRAM APLIKASI SIMULASI UJIAN BERBASIS WEBSITE PADA SMA CANDRA NAYA',"JC Lumanau, DS Naga, D Arisandi
Jurnal Ilmu Komputer dan Sistem Informasi 6 (2), 104, 0",0000,0,"Jurnal Ilmu Komputer dan Sistem Informasi 6 (2), 104, 0"
6678,"Pengaruh Strategi Pemasaran Marketing Mix (Produk, Harga, Distribusi, Dan Promosi) Terhadap Kebijakan Pemasaran Yang Efektif Pada Ud. Tikar Lipat Elresas Lamongan","https://scholar.google.com/scholar?q=+intitle:'Pengaruh Strategi Pemasaran Marketing Mix (Produk, Harga, Distribusi, Dan Promosi) Terhadap Kebijakan Pemasaran Yang Efektif Pada Ud. Tikar Lipat Elresas Lamongan'","L Nurcholidah
Wacana Equiliberium (Jurnal Pemikiran Penelitian Ekonomi) 7 (2), 14-20, 2019",2019,5,"Wacana Equiliberium (Jurnal Pemikiran Penelitian Ekonomi) 7 (2), 14-20, 2019"
6679,UPAYA MENINGKATKAN KETERAMPILAN MENYIMAK CERITA RAKYAT DENGAN PENGGUNAAN MEDIA AUDIO VISUAL PADA SISWA KELAS V SDN 2 BALE KECAMATAN TANATOVEA,https://scholar.google.com/scholar?q=+intitle:'UPAYA MENINGKATKAN KETERAMPILAN MENYIMAK CERITA RAKYAT DENGAN PENGGUNAAN MEDIA AUDIO VISUAL PADA SISWA KELAS V SDN 2 BALE KECAMATAN TANATOVEA',"G Gunawan
BAHASANTODEA 4 (3), 92-99, 0",0000,0,"BAHASANTODEA 4 (3), 92-99, 0"
6679,Kontruksi Etika Profesional: Paradigma Guru Pendidikan Agama Kristen Masa Kini,https://scholar.google.com/scholar?q=+intitle:'Kontruksi Etika Profesional: Paradigma Guru Pendidikan Agama Kristen Masa Kini',"DR Tampubolon, D Naibaho
Jurnal Trust Pentakosta 1 (1), 2024",2024,0,"Jurnal Trust Pentakosta 1 (1), 2024"
6679,10 Governing garbage: Solid waste management reform in Surabaya,https://scholar.google.com/scholar?q=+intitle:'10 Governing garbage: Solid waste management reform in Surabaya',"N Azizah
Governing Urban Indonesia, 218, 2024",2024,0,"Governing Urban Indonesia, 218, 2024"
6679,"Pengaruh Kapasitas Sumber Daya Manusia, Perencanaan Penganggaran, Politik Pengaggaran, Dan Informasi Pendukung Dengan Transparasi Publik Sebagai Variabel Moderating Terhadap …","https://scholar.google.com/scholar?q=+intitle:'Pengaruh Kapasitas Sumber Daya Manusia, Perencanaan Penganggaran, Politik Pengaggaran, Dan Informasi Pendukung Dengan Transparasi Publik Sebagai Variabel Moderating Terhadap …'","L Elfrina, V Ratnawati, M Wiguna
Jurnal Online Mahasiswa (JOM) Bidang Ilmu Ekonomi 1 (2), 1-16, 2015",2015,5,"Jurnal Online Mahasiswa (JOM) Bidang Ilmu Ekonomi 1 (2), 1-16, 2015"
6679,Relevansi Lagu Hujan Rintik-Rintik Karya At Mahmud Terhadap Pembelajaran Tematik Di Sekolah Dasar,https://scholar.google.com/scholar?q=+intitle:'Relevansi Lagu Hujan Rintik-Rintik Karya At Mahmud Terhadap Pembelajaran Tematik Di Sekolah Dasar',"K Apresia, HY Karyawanto",0000,0,
6679,"Kekuasaan Politik Dalam Pemerintahan Islam: studi perbandingan antara konsep kekuasan politik ibnu taimiyah dan abu Al-A, Al-Maududi","https://scholar.google.com/scholar?q=+intitle:'Kekuasaan Politik Dalam Pemerintahan Islam: studi perbandingan antara konsep kekuasan politik ibnu taimiyah dan abu Al-A, Al-Maududi'","A Yanto
Jakarta: Fakultas Ushuluddin Dan Filsafat Uin Syarif Hidayatullah, 2006",0000,0,"Jakarta: Fakultas Ushuluddin Dan Filsafat Uin Syarif Hidayatullah, 2006"
6679,VISI MANAJEMEN PENDIDIKAN TINGGI DALAM PERSPEKTIF PEMBANGUNAN PENDIDIKAN NASIONAL,https://scholar.google.com/scholar?q=+intitle:'VISI MANAJEMEN PENDIDIKAN TINGGI DALAM PERSPEKTIF PEMBANGUNAN PENDIDIKAN NASIONAL',AM Mirfani,0000,0,
6679,Efektivitas Pemberian Terapi Musik (Mozart) dan Back Exercise Terhadap Penurunan Nyeri Dysmenorrhea Primer. e-Jurnal IPTEKS Terapan,https://scholar.google.com/scholar?q=+intitle:'Efektivitas Pemberian Terapi Musik (Mozart) dan Back Exercise Terhadap Penurunan Nyeri Dysmenorrhea Primer. e-Jurnal IPTEKS Terapan',"R Heryani, MD Utari
ISSN, 1979",1979,0,"ISSN, 1979"
6679,Penggunaan media pembelajaran berbasis prezi untuk meningkatkan minat belajar siswa pada mata pelajaran sejarah di kelas XI IIS 3 SMAN 2 Malang,https://scholar.google.com/scholar?q=+intitle:'Penggunaan media pembelajaran berbasis prezi untuk meningkatkan minat belajar siswa pada mata pelajaran sejarah di kelas XI IIS 3 SMAN 2 Malang',"M Kustiana
SKRIPSI Mahasiswa UM",2021,0,SKRIPSI Mahasiswa UM
6679,"Ethnobotanical study of the medicinal plant by local communities in karst area of Pacitan District, East Java, Indonesia","https://scholar.google.com/scholar?q=+intitle:'Ethnobotanical study of the medicinal plant by local communities in karst area of Pacitan District, East Java, Indonesia'","LA AMMAR, B KURNIAWATI, D ANGGOROWATI, AP CAHYANINGSIH, ...
International Journal of Tropical Drylands 5 (2), 2021",2021,15,"International Journal of Tropical Drylands 5 (2), 2021"
6680,Geometri Terumbu Pulau Kecil: Model Perencanaan Kawasan Konservasi Berbasis Perikanan Tangkap Di Kabupaten Kepulauan Sitaro (Reef Geometri of Small Islands: a Model …,https://scholar.google.com/scholar?q=+intitle:'Geometri Terumbu Pulau Kecil: Model Perencanaan Kawasan Konservasi Berbasis Perikanan Tangkap Di Kabupaten Kepulauan Sitaro (Reef Geometri of Small Islands: a Model …',"J Kumaat, J Haluan, B Wiryawan, SH Wisudo, DR Monintja
Buletin PSP 20 (2), 155-165",2012,0,"Buletin PSP 20 (2), 155-165"
6680,Partisipasi masyarakat dalam pengembangan kawasan wisata Tirtasari Sonsang Kabupaten Agam,https://scholar.google.com/scholar?q=+intitle:'Partisipasi masyarakat dalam pengembangan kawasan wisata Tirtasari Sonsang Kabupaten Agam',"T Nabila, J Purwohandoyo
Region: Jurnal Pembangunan Wilayah dan Perencanaan Partisipatif 16 (1), 108-120",0000,0,"Region: Jurnal Pembangunan Wilayah dan Perencanaan Partisipatif 16 (1), 108-120"
6680,Rekonstruksi Paradigma Filsafat Ilmu: Studi Kritis Terhadap Ilmu Hukum Sebagai Ilmu,https://scholar.google.com/scholar?q=+intitle:'Rekonstruksi Paradigma Filsafat Ilmu: Studi Kritis Terhadap Ilmu Hukum Sebagai Ilmu',"S Salam
Ekspose: Jurnal Penelitian Hukum Dan Pendidikan 18 (2), 885-896, 2019",2019,54,"Ekspose: Jurnal Penelitian Hukum Dan Pendidikan 18 (2), 885-896, 2019"
6680,Object Oriented Analysis and Design Aplikasi Pasar Online: TONPASAR,https://scholar.google.com/scholar?q=+intitle:'Object Oriented Analysis and Design Aplikasi Pasar Online: TONPASAR',"D Irmansyah, AZ Wastuyana, EA Hermanto, AS Fitri
JURNAL PENELITIAN SISTEM INFORMASI (JPSI) 2 (1), 18-27, 2024",2024,1,"JURNAL PENELITIAN SISTEM INFORMASI (JPSI) 2 (1), 18-27, 2024"
6680,Trademark Usaha Kecil Menengah “BMD”,https://scholar.google.com/scholar?q=+intitle:'Trademark Usaha Kecil Menengah “BMD”',"PSMJ Silaban, ACK Azis, J Suharianto
Seminar Nasional Pengabdian Kepada Masyarakat, 0",0000,0,"Seminar Nasional Pengabdian Kepada Masyarakat, 0"
6680,Profil Transaksi Akademik FISIP Unand Tahun 2015,https://scholar.google.com/scholar?q=+intitle:'Profil Transaksi Akademik FISIP Unand Tahun 2015',A Saputra,2016,0,
6680,"PENGARUH KUALITAS SUMBER DAYA MANUSIA, AKUNTANSI BERBASIS AKRUAL, DAN SISTEM PENGENDALIAN INTERN TERHADAP KUALITAS LAPORAN KEUANGAN (Studi Pada Dinas Pendapatan, Pengelolaan …","https://scholar.google.com/scholar?q=+intitle:'PENGARUH KUALITAS SUMBER DAYA MANUSIA, AKUNTANSI BERBASIS AKRUAL, DAN SISTEM PENGENDALIAN INTERN TERHADAP KUALITAS LAPORAN KEUANGAN (Studi Pada Dinas Pendapatan, Pengelolaan …'","R ABDULLAH
Skripsi 1 (921412025), 2017",2017,0,"Skripsi 1 (921412025), 2017"
6680,معانى أحرف الجر في سورة يس,https://scholar.google.com/scholar?q=+intitle:'<span dir=rtl>معانى أحرف الجر في سورة يس</span>',"A Abdurrahman
Tarbiyah dan Keguruan",2009,0,Tarbiyah dan Keguruan
6680,Empirical Bayes estimation for Markov chain models of drought events in Peninsular Malaysia,https://scholar.google.com/scholar?q=+intitle:'Empirical Bayes estimation for Markov chain models of drought events in Peninsular Malaysia',"W Sanusi, AA Jemain, WZ Wan Zin
AIP Conference Proceedings 1571 (1), 1082-1089, 2013",2013,3,"AIP Conference Proceedings 1571 (1), 1082-1089, 2013"
6680,Analisa Dinamik Sistem Kendali Frekuensi Tenaga Listrik Dengan Diagram Bode dan Diagram Nyquist (Model Reheat),https://scholar.google.com/scholar?q=+intitle:'Analisa Dinamik Sistem Kendali Frekuensi Tenaga Listrik Dengan Diagram Bode dan Diagram Nyquist (Model Reheat)',"AH Hanuzi, A Luthfi, HD Laksono
LPPM Unand, 2021",2021,0,"LPPM Unand, 2021"
6681,"PENELUSURAN FRAKSI PENANGKAP RADIKAL BEBAS DPPH (1, 1-difenil-2-pikrilhidrazil) BUAH Baccaurea lanceolata Muell. Arg dan UJI IN VITRO PROLIFERASI LIMFOSIT SERTA FAGOSITOSIS …","https://scholar.google.com/scholar?q=+intitle:'PENELUSURAN FRAKSI PENANGKAP RADIKAL BEBAS DPPH (1, 1-difenil-2-pikrilhidrazil) BUAH Baccaurea lanceolata Muell. Arg dan UJI IN VITRO PROLIFERASI LIMFOSIT SERTA FAGOSITOSIS …'","S HADI
Universitas Gadjah Mada, 2018",2018,0,"Universitas Gadjah Mada, 2018"
6681,THE EFFECTIVENESS OF PROBLEM BASED WORKSHEET TO IMPROVE SENIOR HIGH SCHOOL STUDENTSâ€™ CRITICAL THINKING SKILLS,https://scholar.google.com/scholar?q=+intitle:'THE EFFECTIVENESS OF PROBLEM BASED WORKSHEET TO IMPROVE SENIOR HIGH SCHOOL STUDENTSâ€™ CRITICAL THINKING SKILLS',"S Ningsyih, Y Andayani, A Hakim
Unnes Science Education Journal 7 (3), 2018",2018,5,"Unnes Science Education Journal 7 (3), 2018"
6681,PENDAMPINGAN PEMBUATAN LOGO DAN PACKAGING PRODUK UMKM TELUR ASIN UD. MUCHLIS DI DESA KALANGSURYA,https://scholar.google.com/scholar?q=+intitle:'PENDAMPINGAN PEMBUATAN LOGO DAN PACKAGING PRODUK UMKM TELUR ASIN UD. MUCHLIS DI DESA KALANGSURYA',"H Yulianti, W Sasmi, S Suhardiman
PROSIDING KONFERENSI NASIONAL PENELITIAN DAN PENGABDIAN UNIVERSITAS BUANA …, 2022",2022,0,"PROSIDING KONFERENSI NASIONAL PENELITIAN DAN PENGABDIAN UNIVERSITAS BUANA …, 2022"
6681,"Heretabiltas dan Kemajuan Genetika Kadar Antosianin, Kadar Air, Tebal Kulit Buah, Kadar Lignin Kulit Buah, dan Ketahanan Tanaman Cabai Merah terhadap Penyakit Antraknos","https://scholar.google.com/scholar?q=+intitle:'Heretabiltas dan Kemajuan Genetika Kadar Antosianin, Kadar Air, Tebal Kulit Buah, Kadar Lignin Kulit Buah, dan Ketahanan Tanaman Cabai Merah terhadap Penyakit Antraknos'","A Komariah, L Amalia
Bionatura 13 (3), 226-234",2011,3,"Bionatura 13 (3), 226-234"
6681,Bukti Kinerja Pembimbing Tesis an Siti Nurjanah,https://scholar.google.com/scholar?q=+intitle:'Bukti Kinerja Pembimbing Tesis an Siti Nurjanah',"I ISTIANINGSIH
MANDIRI, 0",0000,0,"MANDIRI, 0"
6681,"Hadis Tarbawi, Pendidikan perspektif Hadis Nabi","https://scholar.google.com/scholar?q=+intitle:'Hadis Tarbawi, Pendidikan perspektif Hadis Nabi'","Alfiah
ISBN; 978-602-6879-05-9, Kreasi Edukasi Pekanbaru,  http://repository.uin …, 2015",2015,10,"ISBN; 978-602-6879-05-9, Kreasi Edukasi Pekanbaru,  http://repository.uin …, 2015"
6681,Inflationary effects of fiscal and monetary policies in Indonesia,https://scholar.google.com/scholar?q=+intitle:'Inflationary effects of fiscal and monetary policies in Indonesia',"J Sriyana
Business and Economic Horizons 14 (3), 674-688, 2018",2018,5,"Business and Economic Horizons 14 (3), 674-688, 2018"
6681,Perbaikan Sistem Kerja Menggunakan Pendekatan Ergonomi Partisipatori Guna Mengurangi Level Cidera Pada Pekerja (Studi Kasus PT. MItra Rekatama Mandiri),https://scholar.google.com/scholar?q=+intitle:'Perbaikan Sistem Kerja Menggunakan Pendekatan Ergonomi Partisipatori Guna Mengurangi Level Cidera Pada Pekerja (Studi Kasus PT. MItra Rekatama Mandiri)',"AL Pratama, M Yusuf, CI Parwati
Jurnal Rekavasi 4 (2338-7750), 2016",2016,2,"Jurnal Rekavasi 4 (2338-7750), 2016"
6681,"Gambaran Perilaku Swamedikasi Nyeri, Diare, Batuk dan Maag oleh Masyarakat","https://scholar.google.com/scholar?q=+intitle:'Gambaran Perilaku Swamedikasi Nyeri, Diare, Batuk dan Maag oleh Masyarakat'","RN Amalia, RS Dianingati
Generics: Journal of Research in Pharmacy 1 (2), 53-59, 2021",2021,12,"Generics: Journal of Research in Pharmacy 1 (2), 53-59, 2021"
6681,Unexpectedly low frequency of BRCA1/2 deleterious mutations in Japanese patients with breast cancer.,https://scholar.google.com/scholar?q=+intitle:'Unexpectedly low frequency of BRCA1/2 deleterious mutations in Japanese patients with breast cancer.',"I Sakamoto, H Nakagomi, K Okimoto, M Inoue, Y Hirotsu, K Amemiya, ...
The Breast Journal 24 (1), 96-98, 2017",2017,1,"The Breast Journal 24 (1), 96-98, 2017"
6682,Analisis Perancangan Jaringan Fiber to The Home Area Universitas Nasional Blok IV dengan Optisystem,https://scholar.google.com/scholar?q=+intitle:'Analisis Perancangan Jaringan Fiber to The Home Area Universitas Nasional Blok IV dengan Optisystem',"E Nuari, I Fitri, N Nurhayati
Jurnal Media Informatika Budidarma 4 (2), 257, 2020",2020,3,"Jurnal Media Informatika Budidarma 4 (2), 257, 2020"
6682,Hubungan Pengetahuan Tentang kesehatan gigi dan mulut dengan kejadian karies gigi anak SDN Kleco II Kelas V dan VI Kecamatan Laweyan Surakarta,https://scholar.google.com/scholar?q=+intitle:'Hubungan Pengetahuan Tentang kesehatan gigi dan mulut dengan kejadian karies gigi anak SDN Kleco II Kelas V dan VI Kecamatan Laweyan Surakarta',"U Kawuryan
Universitas Muhammadiyah Surakarta, 2008",2008,28,"Universitas Muhammadiyah Surakarta, 2008"
6682,Ketetapan Anak Luar Kawin Dengan Keluarga Ayahnya Pada Hubungan Keperdataan Sebagai Akibat Hukum Dari Putusan MK No. 46 Tahun 2010,https://scholar.google.com/scholar?q=+intitle:'Ketetapan Anak Luar Kawin Dengan Keluarga Ayahnya Pada Hubungan Keperdataan Sebagai Akibat Hukum Dari Putusan MK No. 46 Tahun 2010',"SL Andriati, NM Ginting, MR Elena
Civilia: Jurnal Kajian Hukum dan Pendidikan Kewarganegaraan 2 (5), 96-103, 2023",2023,2,"Civilia: Jurnal Kajian Hukum dan Pendidikan Kewarganegaraan 2 (5), 96-103, 2023"
6682,Usaha Perkuatan P0ndasi Rumah Untuk Tanah Rawa di Banjarmasin,https://scholar.google.com/scholar?q=+intitle:'Usaha Perkuatan P0ndasi Rumah Untuk Tanah Rawa di Banjarmasin',"N Agusniansyah, GN Sarbini
https://doi.org/10.33379/gtech.v8i2.4287, 2024",2024,0,"https://doi.org/10.33379/gtech.v8i2.4287, 2024"
6682,"Microbiological Assessment of Fish Sausages Coated with Smoked-Edible Film, and Stored in Room and Refrigerator Temperatures","https://scholar.google.com/scholar?q=+intitle:'Microbiological Assessment of Fish Sausages Coated with Smoked-Edible Film, and Stored in Room and Refrigerator Temperatures'","HA Dien, RI Montolalu, F Mentang, J Keno, RS Burdam, S Berhimpon
World Academy of Science, Engineering and Technology, International Journal …",2015,0,"World Academy of Science, Engineering and Technology, International Journal …"
6682,Sosialisasi Pembuatan Disinfektan dari Cairan Pemutih untuk Sterilisasi Kandang Ternak di Desa Kwarakan Kecamatan Kaloran Kabupaten Temanggung,https://scholar.google.com/scholar?q=+intitle:'Sosialisasi Pembuatan Disinfektan dari Cairan Pemutih untuk Sterilisasi Kandang Ternak di Desa Kwarakan Kecamatan Kaloran Kabupaten Temanggung',"FD Putri, DA Suseno
Jurnal Bina Desa 5 (2), 175-179, 2023",2023,0,"Jurnal Bina Desa 5 (2), 175-179, 2023"
6682,Edukasi tentang pentingnya gizi olahraga pada atlet basket kursi roda,https://scholar.google.com/scholar?q=+intitle:'Edukasi tentang pentingnya gizi olahraga pada atlet basket kursi roda',"N Gifari, S Hadianti, S Nurjadin, M Sapang
Asmat: Jurnal Pengabmas 1 (2), 111-118, 2022",2022,3,"Asmat: Jurnal Pengabmas 1 (2), 111-118, 2022"
6682,PENELITIANHASILHUTAN,https://scholar.google.com/scholar?q=+intitle:'PENELITIANHASILHUTAN',"KKDANPH HUTAN
Jurnal Penelitian Hasil Hutan adalah publikasi ilmiah bidang hasil hutan 32 (4)",2014,0,Jurnal Penelitian Hasil Hutan adalah publikasi ilmiah bidang hasil hutan 32 (4)
6682,"Fiqh Muamalah (sejarah, hukum dan perkembangannya)","https://scholar.google.com/scholar?q=+intitle:'Fiqh Muamalah (sejarah, hukum dan perkembangannya)'","R Nurdin
Banda Aceh: PeNA, 2010",2010,149,"Banda Aceh: PeNA, 2010"
6682,Studi Meta Analisis Problem Based Learning Dalam Pembelajaran Fisika,https://scholar.google.com/scholar?q=+intitle:'Studi Meta Analisis Problem Based Learning Dalam Pembelajaran Fisika',"RD Astutik, MNR Jauhariyah
ORBITA: Jurnal Kajian, Inovasi dan Aplikasi Pendidikan Fisika 7 (1), 159-168, 2021",2021,6,"ORBITA: Jurnal Kajian, Inovasi dan Aplikasi Pendidikan Fisika 7 (1), 159-168, 2021"
6683,Keanekaragaman Tumbuhan Paku (Pteridophyta) Di Kawasan Wisata Sungai Pucok Krueng Raba Kecamatan Lhoknga Kabupaten Aceh Besar Sebagai Media Pendukung Pembelajaran Pada Materi …,https://scholar.google.com/scholar?q=+intitle:'Keanekaragaman Tumbuhan Paku (Pteridophyta) Di Kawasan Wisata Sungai Pucok Krueng Raba Kecamatan Lhoknga Kabupaten Aceh Besar Sebagai Media Pendukung Pembelajaran Pada Materi …',"M Karlita
UIN AR-RANIRY, 2020",2020,4,"UIN AR-RANIRY, 2020"
6683,Analisis tindak tutur direktif pada film Bulan terbelah di langit Amerika sutradara Hanum Salsabiela Rais dan skenario pembelajarannya di kelas xi sma,https://scholar.google.com/scholar?q=+intitle:'Analisis tindak tutur direktif pada film Bulan terbelah di langit Amerika sutradara Hanum Salsabiela Rais dan skenario pembelajarannya di kelas xi sma',"EAP Arum, N Setyorini
Surya Bahtera 5, 49, 2017",2017,8,"Surya Bahtera 5, 49, 2017"
6683,"Desipradani, Gita. 2017. Akuntansi Hijau Berbasis Etika Bisnis: Implementasi di RSUA Ponorogo, Jawa Timur","https://scholar.google.com/scholar?q=+intitle:'Desipradani, Gita. 2017. Akuntansi Hijau Berbasis Etika Bisnis: Implementasi di RSUA Ponorogo, Jawa Timur'","A Marina, SI Wahjono
Journal BALANCE: Economic, Business, Management and Accounting Journal 14 …, 0",0000,27,"Journal BALANCE: Economic, Business, Management and Accounting Journal 14 …, 0"
6683,Single Phase Power Sensing with Developed Voltage and Current Sensors,https://scholar.google.com/scholar?q=+intitle:'Single Phase Power Sensing with Developed Voltage and Current Sensors',"V Mudeng, H Wicaksono, AT Destanio, Y Nainggolan",2020,0,
6683,Analisis Terpaan Iklan Partai Politik Di Televisi Pada Pemilih Pemula Di Kota Denpasar Dalam Pemilu Legislatif 2014,https://scholar.google.com/scholar?q=+intitle:'Analisis Terpaan Iklan Partai Politik Di Televisi Pada Pemilih Pemula Di Kota Denpasar Dalam Pemilu Legislatif 2014',"I Kertayasa, N Gelgel, AD Pradipta
Jurnal Medium 1 (1), 1-15, 2017",2017,2,"Jurnal Medium 1 (1), 1-15, 2017"
6683,Kontribusi kemandirian dan kedisiplinan terhadap hasil belajar,https://scholar.google.com/scholar?q=+intitle:'Kontribusi kemandirian dan kedisiplinan terhadap hasil belajar',"M Sobri
Guepedia, 2020",2020,259,"Guepedia, 2020"
6683,Similarity of PERAN MEDIA SOSIAL DALAM PERUBAHAN GAYA HIDUP REMAJA DI DESA CARANGREJO,https://scholar.google.com/scholar?q=+intitle:'Similarity of PERAN MEDIA SOSIAL DALAM PERUBAHAN GAYA HIDUP REMAJA DI DESA CARANGREJO',"F Firman
Corcys, 2023",2023,0,"Corcys, 2023"
6683,Karbon Aktif Berbasis Chitin Turunan Kulit Udang Windu (Penaeus Monodon) Dengan Self-doping Nitrogen-Oksigen Untuk Material Superkapasitor,https://scholar.google.com/scholar?q=+intitle:'Karbon Aktif Berbasis Chitin Turunan Kulit Udang Windu (Penaeus Monodon) Dengan Self-doping Nitrogen-Oksigen Untuk Material Superkapasitor',"R Farma
Journal of Aceh Physics Society 12 (3), 1-7, 2023",2023,0,"Journal of Aceh Physics Society 12 (3), 1-7, 2023"
6683,The Adoption of HEC-RAS 2D Application in Flood Assessment of the Akelaka Watershed,https://scholar.google.com/scholar?q=+intitle:'The Adoption of HEC-RAS 2D Application in Flood Assessment of the Akelaka Watershed',"I Sahdar, D Rohmat, WA Pranoto
IJEBD (International Journal of Entrepreneurship and Business Development) 5 …, 2022",2022,0,"IJEBD (International Journal of Entrepreneurship and Business Development) 5 …, 2022"
6683,"The role of organic farming on the improvement of agriculture production in Southeast Sulawesi, Indonesia","https://scholar.google.com/scholar?q=+intitle:'The role of organic farming on the improvement of agriculture production in Southeast Sulawesi, Indonesia'","L Karimuna
Published in book of abstracts Tropentag, 2003",2003,2,"Published in book of abstracts Tropentag, 2003"
6684,JURNALIS PEREMPUAN DAN KEKERASAN BERBASIS GENDER ONLINE (KBGO),https://scholar.google.com/scholar?q=+intitle:'JURNALIS PEREMPUAN DAN KEKERASAN BERBASIS GENDER ONLINE (KBGO)',"RM Setyowati, ED Setya Watie
Akselerasi: Jurnal Ilmiah Nasional 6 (1), 64-78, 2024",2024,0,"Akselerasi: Jurnal Ilmiah Nasional 6 (1), 64-78, 2024"
6684,Halawatul Qur'an,https://scholar.google.com/scholar?q=+intitle:'Halawatul Qur'an',S Anwar,2020,0,
6684,Pengembangan media pembelajaran kimia berbasis komputer pada materi senyawa karbon untuk SMA kelas XII semester 2,https://scholar.google.com/scholar?q=+intitle:'Pengembangan media pembelajaran kimia berbasis komputer pada materi senyawa karbon untuk SMA kelas XII semester 2',"KK Purwanto
Universitas Negeri Malang, 2011",2011,0,"Universitas Negeri Malang, 2011"
6684,Analysis of Student Activities Based on Log Files in E-Learning Using Clustering Algorithm,https://scholar.google.com/scholar?q=+intitle:'Analysis of Student Activities Based on Log Files in E-Learning Using Clustering Algorithm',"I Maulana, M Mariam
Journal of Advanced Research in Applied Sciences and Engineering Technology …, 2025",2025,0,"Journal of Advanced Research in Applied Sciences and Engineering Technology …, 2025"
6684,Keragaan Agronomi dan Kelayakan Usahatani Beberapa Varietas Padi Sawah (Oryza sartiva L.) dengan Sistem Tanam Tegel di Desa Ajee Rayeuk Kecamatan Ingin Jaya Aceh Besar.,https://scholar.google.com/scholar?q=+intitle:'Keragaan Agronomi dan Kelayakan Usahatani Beberapa Varietas Padi Sawah (Oryza sartiva L.) dengan Sistem Tanam Tegel di Desa Ajee Rayeuk Kecamatan Ingin Jaya Aceh Besar.',"N Ainina, H Husaini, D Junita, M Jalil
Jurnal Agrotek Lestari 8 (2), 107-115, 2023",2023,0,"Jurnal Agrotek Lestari 8 (2), 107-115, 2023"
6684,Determinan Fenomena Audit Delay,https://scholar.google.com/scholar?q=+intitle:'Determinan Fenomena Audit Delay',"RS Pasha, T Nurhadianto
UMMagelang Conference Series, 286-299, 2023",2023,1,"UMMagelang Conference Series, 286-299, 2023"
6684,ANALISIS PROSES REKRUTMEN DAN SELEKSI KARYAWAN DAN PERNGARUHNYA TERHADAP KEGIATAN OPERASIONAL DI PT KINTETSU WORLD EXPRESS INDONESIA,https://scholar.google.com/scholar?q=+intitle:'ANALISIS PROSES REKRUTMEN DAN SELEKSI KARYAWAN DAN PERNGARUHNYA TERHADAP KEGIATAN OPERASIONAL DI PT KINTETSU WORLD EXPRESS INDONESIA',"M Lina Siska, DMAA Musa, MM SE
neomarketing 1 (1), 0",0000,0,"neomarketing 1 (1), 0"
6684,Hubungan Peranan Guru UKS Dengan Pelaksanaan Trias UKS Di Sekolah Dasar Al-Firdaus Samarinda,https://scholar.google.com/scholar?q=+intitle:'Hubungan Peranan Guru UKS Dengan Pelaksanaan Trias UKS Di Sekolah Dasar Al-Firdaus Samarinda',"AY Suaib, R Yuliawati
Borneo Studies and Research 2 (1), 453-458, 2020",2020,0,"Borneo Studies and Research 2 (1), 453-458, 2020"
6684,Analysis semiotic and persuasive discourse to the billboard of legislative candidates 2019 in Indonesia,https://scholar.google.com/scholar?q=+intitle:'Analysis semiotic and persuasive discourse to the billboard of legislative candidates 2019 in Indonesia',"L Rahmawati, E Emzir, S Tajuddin
Linguistics and Culture Review 4 (1), 29-42",2020,0,"Linguistics and Culture Review 4 (1), 29-42"
6684,Analisis Faktor-Faktor yang mempengaruhi Pemilihan Karir Mahasiswa Akuntansi (Studi Empiris Mahasiswa Akuntansi di Perguruan Tinggi di Semarang),https://scholar.google.com/scholar?q=+intitle:'Analisis Faktor-Faktor yang mempengaruhi Pemilihan Karir Mahasiswa Akuntansi (Studi Empiris Mahasiswa Akuntansi di Perguruan Tinggi di Semarang)',"RF Ramdani, Z ZULAIKHA
Fakultas Ekonomika dan Bisnis, 2013",2013,53,"Fakultas Ekonomika dan Bisnis, 2013"
6685,PENILAIAN GURU PAMONG TERHADAP KOMPETENSI MAHASISWA PLK DI SMK NEGERI 5 PADANG,https://scholar.google.com/scholar?q=+intitle:'PENILAIAN GURU PAMONG TERHADAP KOMPETENSI MAHASISWA PLK DI SMK NEGERI 5 PADANG',"ANS Aprinal, J Silalahi
CIVED 4 (2)",2016,1,CIVED 4 (2)
6685,Character Education Value in the Ngendar Tradition in Piodalan at Penataran Agung Temple,https://scholar.google.com/scholar?q=+intitle:'Character Education Value in the Ngendar Tradition in Piodalan at Penataran Agung Temple',"K Widiastuti, H Perbowosari
Statistics, 2016",2016,2,"Statistics, 2016"
6685,Transplantation of tissue-engineered cartilage for excessive osteochondritis dissecans of the elbow,https://scholar.google.com/scholar?q=+intitle:'Transplantation of tissue-engineered cartilage for excessive osteochondritis dissecans of the elbow',"M Sato, M Ochi, Y Uchio, M Agung, H Baba
Journal of shoulder and elbow surgery 13 (2), 221-225, 2004",2004,38,"Journal of shoulder and elbow surgery 13 (2), 221-225, 2004"
6685,"Population dynamics of anchovy pekto (Stolephorus waitei) in the waters of Malacca Strait, North Sumatra, Indonesia.","https://scholar.google.com/scholar?q=+intitle:'Population dynamics of anchovy pekto (Stolephorus waitei) in the waters of Malacca Strait, North Sumatra, Indonesia.'","MB Mulya, AH Jhon, ZA Harahap
Biodiversitas: Journal of Biological Diversity 22 (7), 2021",2021,3,"Biodiversitas: Journal of Biological Diversity 22 (7), 2021"
6685,"Analisis pengaruh celebrity endorsement, kualitas produk dan packaging terhadap keputusan pembelian (Studi kasus pada produk skincare Klarity)","https://scholar.google.com/scholar?q=+intitle:'Analisis pengaruh celebrity endorsement, kualitas produk dan packaging terhadap keputusan pembelian (Studi kasus pada produk skincare Klarity)'","A Maudya, MI Hamzah
JEBI| Jurnal Ekonomi Bisnis Indonesia 17 (2), 1-17, 2022",2022,5,"JEBI| Jurnal Ekonomi Bisnis Indonesia 17 (2), 1-17, 2022"
6685,"PENGARUH PRAKTIK PENGALAMAN LAPANGAN, PERSEPSI MAHASISWA TENTANG PROFESI GURU AKUNTANSI DAN KESEJAHTERAAN GURU TERHADAP MINAT PADA PROFESI GURU AKUNTANSI (Studi Kasus Mahasiswa …","https://scholar.google.com/scholar?q=+intitle:'PENGARUH PRAKTIK PENGALAMAN LAPANGAN, PERSEPSI MAHASISWA TENTANG PROFESI GURU AKUNTANSI DAN KESEJAHTERAAN GURU TERHADAP MINAT PADA PROFESI GURU AKUNTANSI (Studi Kasus Mahasiswa …'","T Oktaviani, A Yulianto
Economic Education Analysis Journal 4 (3)",2015,17,Economic Education Analysis Journal 4 (3)
6685,Model Hydrology MockWyn-UB to Analyse Water Availability in Gumbasa Watershed,https://scholar.google.com/scholar?q=+intitle:'Model Hydrology MockWyn-UB to Analyse Water Availability in Gumbasa Watershed',"MGI A. Solihin Ansari, I Wayan Sutapa
Int. Journal of Engineering Research and Application 7 (1), 94-101, 2016",2016,0,"Int. Journal of Engineering Research and Application 7 (1), 94-101, 2016"
6685,Variabilitas Respon Pertumbuhan 17 Genotipe Tanaman Talas pada Kondisi Aerobik dan Genangan Variability Response of Growth of 17 Taro Genotypes under Aerobic and Flooded …,https://scholar.google.com/scholar?q=+intitle:'Variabilitas Respon Pertumbuhan 17 Genotipe Tanaman Talas pada Kondisi Aerobik dan Genangan Variability Response of Growth of 17 Taro Genotypes under Aerobic and Flooded …',"LD Cahyanti, D Sopandie, E Santosa, H Purnamawati",0000,0,
6685,Penjadwalan Pembuatan Box Aluminium Untuk Meminimalkan Makespan,https://scholar.google.com/scholar?q=+intitle:'Penjadwalan Pembuatan Box Aluminium Untuk Meminimalkan Makespan',"FG Dewi
Prosiding SEMNAS, Institut Teknologi Sepuluh Nopember, Surabaya, 2011",2011,3,"Prosiding SEMNAS, Institut Teknologi Sepuluh Nopember, Surabaya, 2011"
6685,POLA PEMBERDAYAAN LEMBAGA EKONOMI MASYARAKAT SEBAGAI PENDUKUNG PENGEMBANAGN KAWASAN AGROWISATA LATUPPA,https://scholar.google.com/scholar?q=+intitle:'POLA PEMBERDAYAAN LEMBAGA EKONOMI MASYARAKAT SEBAGAI PENDUKUNG PENGEMBANAGN KAWASAN AGROWISATA LATUPPA',"RA Sarira, I Kusdarianto, IK Patra
Equilibrium: Jurnal Ilmiah Ekonomi, Manajemen dan Akuntansi 1 (1), 2016",2016,0,"Equilibrium: Jurnal Ilmiah Ekonomi, Manajemen dan Akuntansi 1 (1), 2016"
6686,RANCANGAN SENAM KREASI MODEL ETNIS MANDAILING DENGAN MENGGUNAKAN TAMPAH PADA SISWA KELAS VII DI MTS PONPES TPI PURBA SINOMBA,https://scholar.google.com/scholar?q=+intitle:'RANCANGAN SENAM KREASI MODEL ETNIS MANDAILING DENGAN MENGGUNAKAN TAMPAH PADA SISWA KELAS VII DI MTS PONPES TPI PURBA SINOMBA',"N Pohan, I Verawati
Jurnal Kesehatan dan Olahraga 6 (2), 19-28, 0",0000,0,"Jurnal Kesehatan dan Olahraga 6 (2), 19-28, 0"
6686,PENGARUH PENDAPATAN DAN PERUBAHAN PERILAKU PEMILIK LAHAN TERHADAP ALIH FUNGSI LAHAN KARET MENJADI KELAPA SAWIT,https://scholar.google.com/scholar?q=+intitle:'PENGARUH PENDAPATAN DAN PERUBAHAN PERILAKU PEMILIK LAHAN TERHADAP ALIH FUNGSI LAHAN KARET MENJADI KELAPA SAWIT',"S Ramadani, N Martilova
Jurnal Ekonomi dan Bisnis 1 (1), 77-94, 2023",2023,0,"Jurnal Ekonomi dan Bisnis 1 (1), 77-94, 2023"
6686,OPTIMASI ANALISIS DATA KEPUASAN PELANGGAN CV MEGA BAJA BINTARO DENGAN PENERAPAN ALGORITMA X-MEANS CLUSTERING,https://scholar.google.com/scholar?q=+intitle:'OPTIMASI ANALISIS DATA KEPUASAN PELANGGAN CV MEGA BAJA BINTARO DENGAN PENERAPAN ALGORITMA X-MEANS CLUSTERING',"R Adniana, D Solihudin, R Narasati
JATI (Jurnal Mahasiswa Teknik Informatika) 8 (1), 445-453, 2024",2024,0,"JATI (Jurnal Mahasiswa Teknik Informatika) 8 (1), 445-453, 2024"
6686,Effect of passenger presence towards driving performance level using kss and cnc indicators,https://scholar.google.com/scholar?q=+intitle:'Effect of passenger presence towards driving performance level using kss and cnc indicators',"M Mahachandra, H Prastawa, AH Mufid
IOP Conference Series: Materials Science and Engineering 909 (1), 012056, 2020",2020,2,"IOP Conference Series: Materials Science and Engineering 909 (1), 012056, 2020"
6686,Pengaruh Lingkungan Kerja Terhadap Motivasi Kerja Pegawai Badan Pendapatan Daerah Kabupaten Bulukumba,https://scholar.google.com/scholar?q=+intitle:'Pengaruh Lingkungan Kerja Terhadap Motivasi Kerja Pegawai Badan Pendapatan Daerah Kabupaten Bulukumba',"N Amalia, AW Kurniawan
UNIVERSITAS NEGERI MAKASSAR, 2021",2021,22,"UNIVERSITAS NEGERI MAKASSAR, 2021"
6686,PENERAPAN MODEL PEMBELAJARAN PROBLEM BASED LEARNING (PBL) PADA MATERI PERUBAHAN FISIKA DAN PERUBAHAN KIMIA SMK,https://scholar.google.com/scholar?q=+intitle:'PENERAPAN MODEL PEMBELAJARAN PROBLEM BASED LEARNING (PBL) PADA MATERI PERUBAHAN FISIKA DAN PERUBAHAN KIMIA SMK',"A Aziz, E Winaryati, D Wulandari
Journal of Lesson Study in Teacher Education 3 (1), 1-8, 2024",2024,0,"Journal of Lesson Study in Teacher Education 3 (1), 1-8, 2024"
6686,"Environmental rights protection, case studies: Lapindo Brantas and Indonesia forest fires","https://scholar.google.com/scholar?q=+intitle:'Environmental rights protection, case studies: Lapindo Brantas and Indonesia forest fires'","LY Sulistiawati
text",2010,0,text
6686,Effect of Special Tool Completeness during Regular Service at Two Official Honda Workshops (HCM & CPM) In Padang on Customer Satisfaction,https://scholar.google.com/scholar?q=+intitle:'Effect of Special Tool Completeness during Regular Service at Two Official Honda Workshops (HCM & CPM) In Padang on Customer Satisfaction',"D wahyu
Jurnal Teknik Mesin ITP 2, 93-100, 2018",2018,0,"Jurnal Teknik Mesin ITP 2, 93-100, 2018"
6686,"Pembentukan Portofolio Optimal Pada Saham Perbankan Dalam Indeks Lq 45 Di Masa Vaksinasi Covid-19 Menggunakan Model Indeks Tunggal. Sebatik, 25 (2), 484–492","https://scholar.google.com/scholar?q=+intitle:'Pembentukan Portofolio Optimal Pada Saham Perbankan Dalam Indeks Lq 45 Di Masa Vaksinasi Covid-19 Menggunakan Model Indeks Tunggal. Sebatik, 25 (2), 484–492'","RA Sugara, GR Putra, N Aulia, WM Soeroto",2021,3,
6686,PERKEMBANGAN INOVASI KRIYA KERAMIK PLERED,https://scholar.google.com/scholar?q=+intitle:'PERKEMBANGAN INOVASI KRIYA KERAMIK PLERED',"Y Yuliarni
ISI Surakarta, 2022",2022,0,"ISI Surakarta, 2022"
6687,Is specific detection of human hemoglobin (hHb) in feces a solution to the problem of occult blood (OB) testing for detection of colorectal cancer?,https://scholar.google.com/scholar?q=+intitle:'Is specific detection of human hemoglobin (hHb) in feces a solution to the problem of occult blood (OB) testing for detection of colorectal cancer?',"H Adlercreutz
Scand J Gastroenterol 17, 329, 1982",1982,10,"Scand J Gastroenterol 17, 329, 1982"
6687,Kapabilitas Pemimpin Demokratis Dalam Pendidikan,https://scholar.google.com/scholar?q=+intitle:'Kapabilitas Pemimpin Demokratis Dalam Pendidikan',"O Supriadi
Laksbang PRESSindo, 2009",2009,3,"Laksbang PRESSindo, 2009"
6687,PENGARUH MODEL PEMBELAJARAN KOOPERATIF TIPE ROUND ROBIN TERHADAP KETERAMPILAN BERBICARA KELAS V SISWA SD NEGERI 091277 SIANTAR ESTATE,https://scholar.google.com/scholar?q=+intitle:'PENGARUH MODEL PEMBELAJARAN KOOPERATIF TIPE ROUND ROBIN TERHADAP KETERAMPILAN BERBICARA KELAS V SISWA SD NEGERI 091277 SIANTAR ESTATE',"RA Sinaga, NA Purba, LN Sihombing
Pande Nami Jurnal (PNJ) 2 (4), 160-169, 2024",2024,0,"Pande Nami Jurnal (PNJ) 2 (4), 160-169, 2024"
6687,Faktor-Faktor Yang Mempengaruhi Interaksi Sosial Pada Anak Usia Dini: Literatur Review,https://scholar.google.com/scholar?q=+intitle:'Faktor-Faktor Yang Mempengaruhi Interaksi Sosial Pada Anak Usia Dini: Literatur Review',"B Batinah, A Meiranny, AZ Arisanti
Oksitosin: Jurnal Ilmiah Kebidanan 9 (1), 31-39, 2022",2022,31,"Oksitosin: Jurnal Ilmiah Kebidanan 9 (1), 31-39, 2022"
6687,PERANCANGAN MODUL PENERIMA DATA UNTUK MONITORING SENSOR PADA SISTEM PEMANTAUAN KESEHATAN LANSIA YANG TINGGAL SENDIRIAN DI RUMAH,https://scholar.google.com/scholar?q=+intitle:'PERANCANGAN MODUL PENERIMA DATA UNTUK MONITORING SENSOR PADA SISTEM PEMANTAUAN KESEHATAN LANSIA YANG TINGGAL SENDIRIAN DI RUMAH',"J Christoputra, R Yuwono, FH Partiansyah
Jurnal Mahasiswa TEUB 9 (7)",2021,0,Jurnal Mahasiswa TEUB 9 (7)
6687,A value creation process for sustainability of knowledge based-society,https://scholar.google.com/scholar?q=+intitle:'A value creation process for sustainability of knowledge based-society',"A Adhiatma, O Fachrunnisa, HK Tjahjono
Complex, Intelligent and Software Intensive Systems: Proceedings of the 14th …, 2021",2021,4,"Complex, Intelligent and Software Intensive Systems: Proceedings of the 14th …, 2021"
6687,PENENTUAN BEASISWA DENGAN MENGGUNAKAN PERHITUNGAN TECHNIQUE FOR OTHERS REFERENCE BY SIMILARITY TO IDEAL SOLUTION (TOPSIS),https://scholar.google.com/scholar?q=+intitle:'PENENTUAN BEASISWA DENGAN MENGGUNAKAN PERHITUNGAN TECHNIQUE FOR OTHERS REFERENCE BY SIMILARITY TO IDEAL SOLUTION (TOPSIS)',"U Mansyuri, H Al Jufri, Y Efendi
Jurnal Ilmiah Sistem Informasi 2 (2), 130-139, 2022",2022,1,"Jurnal Ilmiah Sistem Informasi 2 (2), 130-139, 2022"
6687,Penerapan Pembelajaran Biologi Lintas Minat dengan Pembuatan Model Sel 3D terhadap Pencapaian KKM Peserta Didik XI IPS di SMA LTI IGM Palembang,https://scholar.google.com/scholar?q=+intitle:'Penerapan Pembelajaran Biologi Lintas Minat dengan Pembuatan Model Sel 3D terhadap Pencapaian KKM Peserta Didik XI IPS di SMA LTI IGM Palembang',"S Amizera, E Destiansari
Jurnal Pembelajaran Biologi: Kajian Biologi dan Pembelajarannya 7 (1), 37-42, 2020",2020,3,"Jurnal Pembelajaran Biologi: Kajian Biologi dan Pembelajarannya 7 (1), 37-42, 2020"
6687,Desain Mobile Ad-hoc Network (manet) untuk Sistem Komunikasi Statis,https://scholar.google.com/scholar?q=+intitle:'Desain Mobile Ad-hoc Network (manet) untuk Sistem Komunikasi Statis',"S Agustini
Jurnal Simantec 7 (1), 2018",2018,4,"Jurnal Simantec 7 (1), 2018"
6687,EFISIENSI PENYIMPANAN DAN AKSESIBILITAS ARSIP VITAL DALAM PENYELENGGARAAN KEARSIPAN UNIVERSITAS DI UPT KEARSIPAN UNILA,https://scholar.google.com/scholar?q=+intitle:'EFISIENSI PENYIMPANAN DAN AKSESIBILITAS ARSIP VITAL DALAM PENYELENGGARAAN KEARSIPAN UNIVERSITAS DI UPT KEARSIPAN UNILA',"P Purwanto Putra, P Arnila, M Eri
Journal of Documentation and Information Science, 0",0000,0,"Journal of Documentation and Information Science, 0"
6688,Deiksis pada Wacana Sastra Cerpen Bermuatan Kearifan Lokal Mahasiswa Program Studi Pendidikan Bahasa Indonesia,https://scholar.google.com/scholar?q=+intitle:'Deiksis pada Wacana Sastra Cerpen Bermuatan Kearifan Lokal Mahasiswa Program Studi Pendidikan Bahasa Indonesia',"L Sadiyah
Briliant: Jurnal Riset dan Konseptual 4 (4), 464-472, 2019",2019,8,"Briliant: Jurnal Riset dan Konseptual 4 (4), 464-472, 2019"
6688,Pengembangan E-modul Berbasis Flip PDF professional untuk meningkatkan keterampilan berpikir kreatif siswa pada pembelajaran IPA di SMP,https://scholar.google.com/scholar?q=+intitle:'Pengembangan E-modul Berbasis Flip PDF professional untuk meningkatkan keterampilan berpikir kreatif siswa pada pembelajaran IPA di SMP',"M Hasanah Jr
Fakultas Pendidikan dan Ilmu Keguguran, 0",0000,15,"Fakultas Pendidikan dan Ilmu Keguguran, 0"
6688,Efektifitas Penerapan UU Nomor 40 Tahun 1999 dalam Upaya Memberikan Perlindungan Hukum Kepada Wartawan di Kota Makassar,https://scholar.google.com/scholar?q=+intitle:'Efektifitas Penerapan UU Nomor 40 Tahun 1999 dalam Upaya Memberikan Perlindungan Hukum Kepada Wartawan di Kota Makassar',"N Halide
PETITUM 11 (1), 9-16, 2023",2023,0,"PETITUM 11 (1), 9-16, 2023"
6688,PERANCANGAN RUMAH SAKIT IBU DAN ANAK DI SURAKARTA DENGAN DESAIN ARSITEKTUR MODERN KONTEMPORER,https://scholar.google.com/scholar?q=+intitle:'PERANCANGAN RUMAH SAKIT IBU DAN ANAK DI SURAKARTA DENGAN DESAIN ARSITEKTUR MODERN KONTEMPORER',"K Joanna, A Farkhan
Senthong 7 (1), 2024",2024,0,"Senthong 7 (1), 2024"
6688,Analisis Klaster dalam Pembentukan Portofolio Robust Mean-Variance,https://scholar.google.com/scholar?q=+intitle:'Analisis Klaster dalam Pembentukan Portofolio Robust Mean-Variance',"ED Supandi, Y Anggara
Jurnal Sains Matematika dan Statistika 9 (1), 37-47, 0",0000,0,"Jurnal Sains Matematika dan Statistika 9 (1), 37-47, 0"
6688,"Sajidan. Sugiyarto,(2014). Pembelajaran Biologi Menggunakan Inquiry Training Model dengan Vee Diagram Dan KWLCHART Ditinjau dari Keterampilan Berfikir Kritis dan Kemampuan …","https://scholar.google.com/scholar?q=+intitle:'Sajidan. Sugiyarto,(2014). Pembelajaran Biologi Menggunakan Inquiry Training Model dengan Vee Diagram Dan KWLCHART Ditinjau dari Keterampilan Berfikir Kritis dan Kemampuan …'","A Susanti
Jurnal Inkuiri, 0",0000,6,"Jurnal Inkuiri, 0"
6688,Development of static solar panel equipped by an active reflector based on LDR sensors,https://scholar.google.com/scholar?q=+intitle:'Development of static solar panel equipped by an active reflector based on LDR sensors',"W Indrasari, R Fahdiran, E Budi, U Umiatin, NS Yusuf
Journal of Physics: Conference Series 1280 (2), 022071, 2019",2019,8,"Journal of Physics: Conference Series 1280 (2), 022071, 2019"
6688,Potensi dan Prospek Wisata Halal dalam Meningkatkan Ekonomi Daerah,https://scholar.google.com/scholar?q=+intitle:'Potensi dan Prospek Wisata Halal dalam Meningkatkan Ekonomi Daerah',"IN Harahap, MA Ibrahim, M Yunus
Universitas Islam Bandung, 2021",2021,2,"Universitas Islam Bandung, 2021"
6688,Faktor-faktor Yang Mempengaruhi Ketepatan Waktu Pelaporan Keuangan (Studi Kasus Perusahaan Manufaktur Di BEJ),https://scholar.google.com/scholar?q=+intitle:'Faktor-faktor Yang Mempengaruhi Ketepatan Waktu Pelaporan Keuangan (Studi Kasus Perusahaan Manufaktur Di BEJ)',"LM Ifada
Jurnal Akuntansi Indonesia 5 (1), 43-56, 2009",2009,60,"Jurnal Akuntansi Indonesia 5 (1), 43-56, 2009"
6688,Kajian Dan Penerapan Penggabungan Steganograpi Dan Kryptograpi Pada Gambar Dan Teks,https://scholar.google.com/scholar?q=+intitle:'Kajian Dan Penerapan Penggabungan Steganograpi Dan Kryptograpi Pada Gambar Dan Teks',"P ASTUTI
Faktor Exacta 5 (4), 296-303, 2015",2015,1,"Faktor Exacta 5 (4), 296-303, 2015"
6689,The Relationship between Political Institutional Factors and Internal Audit Effectiveness in Vietnamese Enterprises,https://scholar.google.com/scholar?q=+intitle:'The Relationship between Political Institutional Factors and Internal Audit Effectiveness in Vietnamese Enterprises',"Le Thi Huong Tram , Nguyen Nguyen Zen , Nguyen Thuy Vinh
Journal of Economics, Finance and Management Studies 6 (09), 4548-4552, 2023",2023,0,"Journal of Economics, Finance and Management Studies 6 (09), 4548-4552, 2023"
6689,Analisis Keamanan Sistem Informasi Website Portal Akademik Universitas Malikussaleh Menggunakan OWASP ZAP,https://scholar.google.com/scholar?q=+intitle:'Analisis Keamanan Sistem Informasi Website Portal Akademik Universitas Malikussaleh Menggunakan OWASP ZAP',"MI Fidyatun Nisa, Nanda Sitti Nurfebruary
Jurnal Nasional Komputasi dan Teknologi Informasi (JNKTI) 7 (6), 2003-2013, 2024",2024,0,"Jurnal Nasional Komputasi dan Teknologi Informasi (JNKTI) 7 (6), 2003-2013, 2024"
6689,ANALISIS HAMBATAN DAN REKOMENDASI SOLUSI PADA PROSES OUTBOUND LOGISTIC PT XYZ DENGAN SEVEN TOOLS DAN FMEA,https://scholar.google.com/scholar?q=+intitle:'ANALISIS HAMBATAN DAN REKOMENDASI SOLUSI PADA PROSES OUTBOUND LOGISTIC PT XYZ DENGAN SEVEN TOOLS DAN FMEA',"FWK Rusmana, S Hidayat
Prosiding SENIATI, C22. 1-5",2017,0,"Prosiding SENIATI, C22. 1-5"
6689,"PENGARUH CURRENT RATIO, RETURN ON ASSET, DAN DEBT TO EQUITY RATIO TERHADAP PERUBAHAN LABA PADA PERUSAHAAN SUB SEKTOR PERDAGANGAN RITEL DI BURSA EFEK INDONESIA","https://scholar.google.com/scholar?q=+intitle:'PENGARUH CURRENT RATIO, RETURN ON ASSET, DAN DEBT TO EQUITY RATIO TERHADAP PERUBAHAN LABA PADA PERUSAHAAN SUB SEKTOR PERDAGANGAN RITEL DI BURSA EFEK INDONESIA'","T Ihram, D Susilowati, NH Moorcy
Jurnal Media Riset Ekonomi (MR. EKO)| E-ISSN 2962, 6811, 0",0000,0,"Jurnal Media Riset Ekonomi (MR. EKO)| E-ISSN 2962, 6811, 0"
6689,INTERPRETASI LINGKUNGAN PENGENDAPAN SUMUR R-2 BERDASARKAN ANALISIS ELEKTROFASIES,https://scholar.google.com/scholar?q=+intitle:'INTERPRETASI LINGKUNGAN PENGENDAPAN SUMUR R-2 BERDASARKAN ANALISIS ELEKTROFASIES',"H Ryka, J Jamaluddin, R Pasha, FA Pratikno
PETROGAS: Journal of Energy and Technology 2 (2), 44-51, 2020",2020,1,"PETROGAS: Journal of Energy and Technology 2 (2), 44-51, 2020"
6689,Perancangan Sistem Informasi Perpustakaan Berbasis Pemrograman Berorientasi Obyek,https://scholar.google.com/scholar?q=+intitle:'Perancangan Sistem Informasi Perpustakaan Berbasis Pemrograman Berorientasi Obyek',"R Mulya, SDH Permana
Jurnal Integrasi 8 (2), 115-118, 2016",2016,4,"Jurnal Integrasi 8 (2), 115-118, 2016"
6689,PENGARUH MEDIA AUDIO VISUAL TERHADAP KECERDASAN LINGUISTIK ANAK USIA DINI DI RA AL-AMANAH TANJUNG SENANG BANDAR LAMPUNG,https://scholar.google.com/scholar?q=+intitle:'PENGARUH MEDIA AUDIO VISUAL TERHADAP KECERDASAN LINGUISTIK ANAK USIA DINI DI RA AL-AMANAH TANJUNG SENANG BANDAR LAMPUNG',"W ANGGA
UIN Raden Intan Lampung, 2021",2021,0,"UIN Raden Intan Lampung, 2021"
6689,Kajian Sifat Mekanis Beton dari Limbah Batu Kerajinan Dikaitkan dengan Metode Perawatan (Curing) di Politeknik TEDC,https://scholar.google.com/scholar?q=+intitle:'Kajian Sifat Mekanis Beton dari Limbah Batu Kerajinan Dikaitkan dengan Metode Perawatan (Curing) di Politeknik TEDC',"I Puspitasari, S Masitoh
Jurnal TEDC 14 (2), 195-200, 2020",2020,0,"Jurnal TEDC 14 (2), 195-200, 2020"
6689,Caleg Perempuan Dinilai Masih Sebatas Kuota,https://scholar.google.com/scholar?q=+intitle:'Caleg Perempuan Dinilai Masih Sebatas Kuota',"FB Tokan
Antara News, 2014",2014,0,"Antara News, 2014"
6689,PENGARUH PENGGUNAAN MEDIA KARTU KATA BERGAMBAR TERHADAP PENGUASAAN KOSAKATA GANTI ORANG (PRONOMINA PERSONA) PESERTA DIDIK TUNARUNGU KELAS VIII DI SLB-B KARYA MULIA,https://scholar.google.com/scholar?q=+intitle:'PENGARUH PENGGUNAAN MEDIA KARTU KATA BERGAMBAR TERHADAP PENGUASAAN KOSAKATA GANTI ORANG (PRONOMINA PERSONA) PESERTA DIDIK TUNARUNGU KELAS VIII DI SLB-B KARYA MULIA',"Y Maulidya, IK Ainin",0000,0,
6690,"ANALISIS PENGARUH KUALITAS PRODUK, PROMOSI, DAN KUALITAS LAYANAN TERHADAP KEPUTUSAN PEMBELIAN (STUDI PADA TOKO EMAS SEDYA MULYA DI KARANGAWEN JAWA TENGAH)","https://scholar.google.com/scholar?q=+intitle:'ANALISIS PENGARUH KUALITAS PRODUK, PROMOSI, DAN KUALITAS LAYANAN TERHADAP KEPUTUSAN PEMBELIAN (STUDI PADA TOKO EMAS SEDYA MULYA DI KARANGAWEN JAWA TENGAH)'","D YULIANDA
UNDIP: Fakultas Ekonomika dan Bisnis, 2023",2023,0,"UNDIP: Fakultas Ekonomika dan Bisnis, 2023"
6690,"The effect of company sizes, user involvement of information system, and top management support on accounting information system performance","https://scholar.google.com/scholar?q=+intitle:'The effect of company sizes, user involvement of information system, and top management support on accounting information system performance'","NM Islami, SN Kashurnikov
International Journal of Engineering and Advanced Technology 9 (1), 2089-2096, 2019",2019,2,"International Journal of Engineering and Advanced Technology 9 (1), 2089-2096, 2019"
6690,HUBUNGAN LAMA MENDERITA CHRONIC KIDNEY DISEASE (CKD) DAN STRES DENGAN MENSTRUAL ABNORMALITIES DI UNIT HEMODIALISA RSUD Prof. Dr. Soekandar,https://scholar.google.com/scholar?q=+intitle:'HUBUNGAN LAMA MENDERITA CHRONIC KIDNEY DISEASE (CKD) DAN STRES DENGAN MENSTRUAL ABNORMALITIES DI UNIT HEMODIALISA RSUD Prof. Dr. Soekandar',"YS Izza, L Wahyuni, EN Soemah
Perpustakaan Universitas Bina Sehat, 2022",2022,0,"Perpustakaan Universitas Bina Sehat, 2022"
6690,ASPEK SUMBER DAYA MANUSIA (SDM) DALAM PEMASARAN JASA PENDIDIKAN,https://scholar.google.com/scholar?q=+intitle:'ASPEK SUMBER DAYA MANUSIA (SDM) DALAM PEMASARAN JASA PENDIDIKAN',"N Nasiruddin, A Muin
Jurnal Review Pendidikan dan Pengajaran (JRPP) 7 (1), 2628-2635, 2024",2024,0,"Jurnal Review Pendidikan dan Pengajaran (JRPP) 7 (1), 2628-2635, 2024"
6690,KESANTUNAN BERBAHASA DALAM BIMBINGAN SKRIPSI MAHASISWA (Suatu Penelitian Fenomenologi di Program Studi Pendidikan Bahasa Inggris FKIP Universitas Muhammadiyah Tangerang),https://scholar.google.com/scholar?q=+intitle:'KESANTUNAN BERBAHASA DALAM BIMBINGAN SKRIPSI MAHASISWA (Suatu Penelitian Fenomenologi di Program Studi Pendidikan Bahasa Inggris FKIP Universitas Muhammadiyah Tangerang)',"AS PUTRA
UNIVERSITAS NEGERI JAKARTA, 2023",2023,0,"UNIVERSITAS NEGERI JAKARTA, 2023"
6690,"Contemporary Approaches to the Qur? an and Hadith to Achieve Gender Justice: Ma? ruf, Substantive Justice and Mubaadalah","https://scholar.google.com/scholar?q=+intitle:'Contemporary Approaches to the Qur? an and Hadith to Achieve Gender Justice: Ma? ruf, Substantive Justice and Mubaadalah'",N Nurmila,2024,0,
6690,"The Influence Of Brand Image, Payment System, And Promotion On Interest In College At The Universitas Mahkota Tricom Unggul","https://scholar.google.com/scholar?q=+intitle:'The Influence Of Brand Image, Payment System, And Promotion On Interest In College At The Universitas Mahkota Tricom Unggul'","DS Haryani, A Zahra
International Journal of Accounting, Management, Economics and Social …, 2023",2023,1,"International Journal of Accounting, Management, Economics and Social …, 2023"
6690,Critical Thinking Patterns of First-Year Students in Argumentative Essay,https://scholar.google.com/scholar?q=+intitle:'Critical Thinking Patterns of First-Year Students in Argumentative Essay',"SM SUYONO, TH ROEKHAN",0000,0,
6690,"Analisis Land Surface Temperature, Persebaran Mineral Lempung Dan Fault Fracture Density Dengan Menggunakan Citra Landsat 8 pada Sistem Panas Bumi Dieng dan Sekitarnya …","https://scholar.google.com/scholar?q=+intitle:'Analisis Land Surface Temperature, Persebaran Mineral Lempung Dan Fault Fracture Density Dengan Menggunakan Citra Landsat 8 pada Sistem Panas Bumi Dieng dan Sekitarnya …'","MA Haq, Y Aribowo, AS Hidayatillah
Faculty of Engineering",2017,0,Faculty of Engineering
6690,PENGARUH PROMOSI ONLINE TERHADAP PENINGKATAN VOLUME PENJUALAN DI USAHA KECIL CV EGA JAYA GYPSUM KAB.SUMEDANG,https://scholar.google.com/scholar?q=+intitle:'PENGARUH PROMOSI ONLINE TERHADAP PENINGKATAN VOLUME PENJUALAN DI USAHA KECIL CV EGA JAYA GYPSUM KAB.SUMEDANG',"EGI MAULANA, D ABDUROHIM
Universitas Pasundan, 2023",2023,0,"Universitas Pasundan, 2023"
